title,year,tmdb_id,rt_url,digital_date
Harvest,2025,,https://www.rottentomatoes.com/search?search=Harvest%202025,2025-08-08
War of the Worlds,2025,,https://www.rottentomatoes.com/search?search=War%20of%20the%20Worlds%202025,2025-07-29
Superman,2025,,https://www.rottentomatoes.com/search?search=Superman%202025,2025-08-14
Jurassic World Rebirth,2025,,https://www.rottentomatoes.com/search?search=Jurassic%20World%20Rebirth%202025,2025-08-04
Osiris,2025,,https://www.rottentomatoes.com/search?search=Osiris%202025,2025-07-25
How to Train Your Dragon,2025,,https://www.rottentomatoes.com/search?search=How%20to%20Train%20Your%20Dragon%202025,2025-07-14
Smurfs,2025,,https://www.rottentomatoes.com/search?search=Smurfs%202025,2025-08-11
The Pickup,2025,,https://www.rottentomatoes.com/search?search=The%20Pickup%202025,2025-08-05
Night Carnage,2025,,https://www.rottentomatoes.com/search?search=Night%20Carnage%202025,2025-07-29
The Bad Guys 2,2025,,https://www.rottentomatoes.com/search?search=The%20Bad%20Guys%202%202025,2025-08-18
KPop Demon Hunters,2025,,https://www.rottentomatoes.com/search?search=KPop%20Demon%20Hunters%202025,2025-06-19
M3GAN 2.0,2025,,https://www.rottentomatoes.com/search?search=M3GAN%202.0%202025,2025-07-14
Night Always Comes,2025,,https://www.rottentomatoes.com/search?search=Night%20Always%20Comes%202025,2025-08-14
My Oxford Year,2025,,https://www.rottentomatoes.com/search?search=My%20Oxford%20Year%202025,2025-07-31
Elio,2025,,https://www.rottentomatoes.com/search?search=Elio%202025,2025-08-18
Ballerina,2025,,https://www.rottentomatoes.com/search?search=Ballerina%202025,2025-06-30
Shaman,2025,,https://www.rottentomatoes.com/search?search=Shaman%202025,2025-08-08
28 Years Later,2025,,https://www.rottentomatoes.com/search?search=28%20Years%20Later%202025,2025-07-28
Ice Road: Vengeance,2025,,https://www.rottentomatoes.com/search?search=Ice%20Road%3A%20Vengeance%202025,2025-06-30
Eddington,2025,,https://www.rottentomatoes.com/search?search=Eddington%202025,2025-08-12
Happy Gilmore 2,2025,,https://www.rottentomatoes.com/search?search=Happy%20Gilmore%202%202025,2025-07-24
Site,2025,,https://www.rottentomatoes.com/search?search=Site%202025,2025-08-08
Bride Hard,2025,,https://www.rottentomatoes.com/search?search=Bride%20Hard%202025,2025-09-20
F1,2025,,https://www.rottentomatoes.com/search?search=F1%202025,2025-08-22
Bring Her Back,2025,,https://www.rottentomatoes.com/search?search=Bring%20Her%20Back%202025,2025-06-30
Materialists,2025,,https://www.rottentomatoes.com/search?search=Materialists%202025,2025-07-21
Abraham's Boys,2025,,https://www.rottentomatoes.com/search?search=Abraham%27s%20Boys%202025,2025-08-05
Heads of State,2025,,https://www.rottentomatoes.com/search?search=Heads%20of%20State%202025,2025-07-01
Almost Cops,2025,,https://www.rottentomatoes.com/search?search=Almost%20Cops%202025,2025-07-10
The Old Guard 2,2025,,https://www.rottentomatoes.com/search?search=The%20Old%20Guard%202%202025,2025-07-01
Dangerous Animals,2025,,https://www.rottentomatoes.com/search?search=Dangerous%20Animals%202025,2025-07-22
Snoopy Presents: A Summer Musical,2025,,https://www.rottentomatoes.com/search?search=Snoopy%20Presents%3A%20A%20Summer%20Musical%202025,2025-08-14
Fixed,2025,,https://www.rottentomatoes.com/search?search=Fixed%202025,2025-08-12
Sorority,2025,,https://www.rottentomatoes.com/search?search=Sorority%202025,2025-06-20
Kalakal,2025,,https://www.rottentomatoes.com/search?search=Kalakal%202025,2025-06-13
Predator: Killer of Killers,2025,,https://www.rottentomatoes.com/search?search=Predator%3A%20Killer%20of%20Killers%202025,2025-06-05
Dora and the Search for Sol Dorado,2025,,https://www.rottentomatoes.com/search?search=Dora%20and%20the%20Search%20for%20Sol%20Dorado%202025,2025-07-02
Stolen: Heist of the Century,2025,,https://www.rottentomatoes.com/search?search=Stolen%3A%20Heist%20of%20the%20Century%202025,2025-08-07
Almost Family,2025,,https://www.rottentomatoes.com/search?search=Almost%20Family%202025,2025-07-17
Z-O-M-B-I-E-S 4: Dawn of the Vampires,2025,,https://www.rottentomatoes.com/search?search=Z-O-M-B-I-E-S%204%3A%20Dawn%20of%20the%20Vampires%202025,2025-07-10
Wall to Wall,2025,,https://www.rottentomatoes.com/search?search=Wall%20to%20Wall%202025,2025-07-17
Saiyaara,2025,,https://www.rottentomatoes.com/search?search=Saiyaara%202025,2025-09-12
STRAW,2025,,https://www.rottentomatoes.com/search?search=STRAW%202025,2025-06-05
The Occupant,2025,,https://www.rottentomatoes.com/search?search=The%20Occupant%202025,2025-08-08
Ziam,2025,,https://www.rottentomatoes.com/search?search=Ziam%202025,2025-07-08
Deep Cover,2025,,https://www.rottentomatoes.com/search?search=Deep%20Cover%202025,2025-06-11
The Edge,2025,,https://www.rottentomatoes.com/search?search=The%20Edge%202025,2025-06-04
An Honest Life,2025,,https://www.rottentomatoes.com/search?search=An%20Honest%20Life%202025,2025-07-30
A Normal Woman,2025,,https://www.rottentomatoes.com/search?search=A%20Normal%20Woman%202025,2025-07-23
The Life of Chuck,2025,,https://www.rottentomatoes.com/search?search=The%20Life%20of%20Chuck%202025,2025-07-29
Diablo,2025,,https://www.rottentomatoes.com/search?search=Diablo%202025,2025-06-12
K.O.,2025,,https://www.rottentomatoes.com/search?search=K.O.%202025,2025-06-05
Descendent,2025,,https://www.rottentomatoes.com/search?search=Descendent%202025,2025-08-15
Aap Jaisa Koi,2025,,https://www.rottentomatoes.com/search?search=Aap%20Jaisa%20Koi%202025,2025-07-11
"Sorry, Baby",2025,,https://www.rottentomatoes.com/search?search=Sorry%2C%20Baby%202025,2025-08-05
Follow,2025,,https://www.rottentomatoes.com/search?search=Follow%202025,2025-07-18
The Phoenician Scheme,2025,,https://www.rottentomatoes.com/search?search=The%20Phoenician%20Scheme%202025,2025-07-01
I'm Still a Superstar,2025,,https://www.rottentomatoes.com/search?search=I%27m%20Still%20a%20Superstar%202025,2025-07-17
Saint Clare,2025,,https://www.rottentomatoes.com/search?search=Saint%20Clare%202025,2025-07-18
Highest 2 Lowest,2025,,https://www.rottentomatoes.com/search?search=Highest%202%20Lowest%202025,2025-09-04
Madea's Destination Wedding,2025,,https://www.rottentomatoes.com/search?search=Madea%27s%20Destination%20Wedding%202025,2025-07-10
Brick,2025,,https://www.rottentomatoes.com/search?search=Brick%202025,2025-07-09
Kandungan,2025,,https://www.rottentomatoes.com/search?search=Kandungan%202025,2025-07-22
Tehran,2025,,https://www.rottentomatoes.com/search?search=Tehran%202025,2025-08-14
Trainwreck: Balloon Boy,2025,,https://www.rottentomatoes.com/search?search=Trainwreck%3A%20Balloon%20Boy%202025,2025-07-14
Trainwreck: P.I. Moms,2025,,https://www.rottentomatoes.com/search?search=Trainwreck%3A%20P.I.%20Moms%202025,2025-07-21
Echo Valley,2025,,https://www.rottentomatoes.com/search?search=Echo%20Valley%202025,2025-06-12
Obsesyon,2025,,https://www.rottentomatoes.com/search?search=Obsesyon%202025,2025-07-04
Sunday Best: The Untold Story of Ed Sullivan,2025,,https://www.rottentomatoes.com/search?search=Sunday%20Best%3A%20The%20Untold%20Story%20of%20Ed%20Sullivan%202025,2025-07-21
Victoria's Silver,2025,,https://www.rottentomatoes.com/search?search=Victoria%27s%20Silver%202025,2025-08-15
Lost in Starlight,2025,,https://www.rottentomatoes.com/search?search=Lost%20in%20Starlight%202025,2025-05-29
Pihit,2025,,https://www.rottentomatoes.com/search?search=Pihit%202025,2025-06-06
The Map That Leads to You,2025,,https://www.rottentomatoes.com/search?search=The%20Map%20That%20Leads%20to%20You%202025,2025-08-19
Taandob,2025,,https://www.rottentomatoes.com/search?search=Taandob%202025,2025-08-07
House on Eden,2025,,https://www.rottentomatoes.com/search?search=House%20on%20Eden%202025,2025-08-19
Squid Game in Conversation,2025,,https://www.rottentomatoes.com/search?search=Squid%20Game%20in%20Conversation%202025,2025-06-26
Barron's Cove,2025,,https://www.rottentomatoes.com/search?search=Barron%27s%20Cove%202025,2025-06-06
Vir Das: Fool Volume,2025,,https://www.rottentomatoes.com/search?search=Vir%20Das%3A%20Fool%20Volume%202025,2025-07-18
Jim Jefferies: Two Limb Policy,2025,,https://www.rottentomatoes.com/search?search=Jim%20Jefferies%3A%20Two%20Limb%20Policy%202025,2025-08-11
Ultimate Mission,2025,,https://www.rottentomatoes.com/search?search=Ultimate%20Mission%202025,2025-08-08
Deive Leonardo - Antes & Depois,2025,,https://www.rottentomatoes.com/search?search=Deive%20Leonardo%20-%20Antes%20%26%20Depois%202025,2025-08-10
It's Worth It by Dani Rovira,2025,,https://www.rottentomatoes.com/search?search=It%27s%20Worth%20It%20by%20Dani%20Rovira%202025,2025-07-10
Sipsipan,2025,,https://www.rottentomatoes.com/search?search=Sipsipan%202025,2025-07-11
A Widow's Game,2025,,https://www.rottentomatoes.com/search?search=A%20Widow%27s%20Game%202025,2025-05-29
Graduation Trip: Mallorca,2025,,https://www.rottentomatoes.com/search?search=Graduation%20Trip%3A%20Mallorca%202025,2025-05-30
The Unholy Trinity,2025,,https://www.rottentomatoes.com/search?search=The%20Unholy%20Trinity%202025,2025-07-07
Lulu Is a Rhinoceros,2025,,https://www.rottentomatoes.com/search?search=Lulu%20Is%20a%20Rhinoceros%202025,2025-05-29
Sweet Revenge,2025,,https://www.rottentomatoes.com/search?search=Sweet%20Revenge%202025,2025-08-13
Jaws @ 50: The Definitive Inside Story,2025,,https://www.rottentomatoes.com/search?search=Jaws%20%40%2050%3A%20The%20Definitive%20Inside%20Story%202025,2025-07-11
Open,2025,,https://www.rottentomatoes.com/search?search=Open%202025,2025-06-14
An Endless Wedding,2025,,https://www.rottentomatoes.com/search?search=An%20Endless%20Wedding%202025,2025-05-30
Red Sonja,2025,,https://www.rottentomatoes.com/search?search=Red%20Sonja%202025,2025-08-18
Sitaare Zameen Par,2025,,https://www.rottentomatoes.com/search?search=Sitaare%20Zameen%20Par%202025,2025-08-01
The Kim Kardashian Diamond Heist,2025,,https://www.rottentomatoes.com/search?search=The%20Kim%20Kardashian%20Diamond%20Heist%202025,2025-07-15
Death Letter Blues,2025,,https://www.rottentomatoes.com/search?search=Death%20Letter%20Blues%202025,2025-08-08
Lilith Fair: Building a Mystery,2025,,https://www.rottentomatoes.com/search?search=Lilith%20Fair%3A%20Building%20a%20Mystery%202025,2025-09-17
Pretty Thing,2025,,https://www.rottentomatoes.com/search?search=Pretty%20Thing%202025,2025-07-04
Great White Waters,2025,,https://www.rottentomatoes.com/search?search=Great%20White%20Waters%202025,2025-07-04
ドジで、タメ口で、すぐ不貞腐れるけど なんだかんだ性処理ご奉仕だけは絶対に手を抜かない 正直で実直で可愛すぎる【僕専属】気まぐれメイド,2025,,https://www.rottentomatoes.com/search?search=%E3%83%89%E3%82%B8%E3%81%A7%E3%80%81%E3%82%BF%E3%83%A1%E5%8F%A3%E3%81%A7%E3%80%81%E3%81%99%E3%81%90%E4%B8%8D%E8%B2%9E%E8%85%90%E3%82%8C%E3%82%8B%E3%81%91%E3%81%A9%20%E3%81%AA%E3%82%93%E3%81%A0%E3%81%8B%E3%82%93%E3%81%A0%E6%80%A7%E5%87%A6%E7%90%86%E3%81%94%E5%A5%89%E4%BB%95%E3%81%A0%E3%81%91%E3%81%AF%E7%B5%B6%E5%AF%BE%E3%81%AB%E6%89%8B%E3%82%92%E6%8A%9C%E3%81%8B%E3%81%AA%E3%81%84%20%E6%AD%A3%E7%9B%B4%E3%81%A7%E5%AE%9F%E7%9B%B4%E3%81%A7%E5%8F%AF%E6%84%9B%E3%81%99%E3%81%8E%E3%82%8B%E3%80%90%E5%83%95%E5%B0%82%E5%B1%9E%E3%80%91%E6%B0%97%E3%81%BE%E3%81%90%E3%82%8C%E3%83%A1%E3%82%A4%E3%83%89%202025,2025-07-15
Get Off My Lawn,2025,,https://www.rottentomatoes.com/search?search=Get%20Off%20My%20Lawn%202025,2025-07-11
Trianggulo,2025,,https://www.rottentomatoes.com/search?search=Trianggulo%202025,2025-08-12
Apocalypse in the Tropics,2025,,https://www.rottentomatoes.com/search?search=Apocalypse%20in%20the%20Tropics%202025,2025-07-13
Monster Island,2025,,https://www.rottentomatoes.com/search?search=Monster%20Island%202025,2025-07-25
Netflix Tudum 2025,2025,,https://www.rottentomatoes.com/search?search=Netflix%20Tudum%202025%202025,2025-05-31
Lego Disney Princess: Villains Unite,2025,,https://www.rottentomatoes.com/search?search=Lego%20Disney%20Princess%3A%20Villains%20Unite%202025,2025-08-24
Jurassic World Rebirth: The Making of a New Era,2025,,https://www.rottentomatoes.com/search?search=Jurassic%20World%20Rebirth%3A%20The%20Making%20of%20a%20New%20Era%202025,2025-06-28
The Thursday Murder Club,2025,,https://www.rottentomatoes.com/search?search=The%20Thursday%20Murder%20Club%202025,2025-08-27
Sovereign,2025,,https://www.rottentomatoes.com/search?search=Sovereign%202025,2025-07-11
Dusty Slay: Wet Heat,2025,,https://www.rottentomatoes.com/search?search=Dusty%20Slay%3A%20Wet%20Heat%202025,2025-07-29
40 Acres,2025,,https://www.rottentomatoes.com/search?search=40%20Acres%202025,2025-07-22
Prisoner of War,2025,,https://www.rottentomatoes.com/search?search=Prisoner%20of%20War%202025,2025-09-19
Please Don't Destroy LIVE,2025,,https://www.rottentomatoes.com/search?search=Please%20Don%27t%20Destroy%20LIVE%202025,2025-07-14
Tusok Tusok,2025,,https://www.rottentomatoes.com/search?search=Tusok%20Tusok%202025,2025-07-29
Sarzameen,2025,,https://www.rottentomatoes.com/search?search=Sarzameen%202025,2025-07-25
Bayo,2025,,https://www.rottentomatoes.com/search?search=Bayo%202025,2025-06-24
"Ardisson, l'Homme en Noir : l'hommage",2025,,https://www.rottentomatoes.com/search?search=Ardisson%2C%20l%27Homme%20en%20Noir%20%3A%20l%27hommage%202025,2025-07-15
The Heart Knows,2025,,https://www.rottentomatoes.com/search?search=The%20Heart%20Knows%202025,2025-05-30
Trouble Man!,2025,,https://www.rottentomatoes.com/search?search=Trouble%20Man%21%202025,2025-08-15
Never a Thief,2025,,https://www.rottentomatoes.com/search?search=Never%20a%20Thief%202025,2025-07-25
69,2025,,https://www.rottentomatoes.com/search?search=69%202025,2025-08-22
Our Times,2025,,https://www.rottentomatoes.com/search?search=Our%20Times%202025,2025-06-10
Hipak,2025,,https://www.rottentomatoes.com/search?search=Hipak%202025,2025-07-18
Stans,2025,,https://www.rottentomatoes.com/search?search=Stans%202025,2025-08-25
Pavlov’s Dog,2025,,https://www.rottentomatoes.com/search?search=Pavlov%E2%80%99s%20Dog%202025,2025-06-25
Frozen: The Hit Broadway Musical,2025,,https://www.rottentomatoes.com/search?search=Frozen%3A%20The%20Hit%20Broadway%20Musical%202025,2025-06-20
Grow,2025,,https://www.rottentomatoes.com/search?search=Grow%202025,2025-10-10
Titan: The OceanGate Submersible Disaster,2025,,https://www.rottentomatoes.com/search?search=Titan%3A%20The%20OceanGate%20Submersible%20Disaster%202025,2025-06-10
Krypto Saves the Day!: School Bus Scuffle,2025,,https://www.rottentomatoes.com/search?search=Krypto%20Saves%20the%20Day%21%3A%20School%20Bus%20Scuffle%202025,2025-08-13
Steve,2025,,https://www.rottentomatoes.com/search?search=Steve%202025,2025-10-02
Mountainhead,2025,,https://www.rottentomatoes.com/search?search=Mountainhead%202025,2025-05-30
Trainwreck: The Real Project X,2025,,https://www.rottentomatoes.com/search?search=Trainwreck%3A%20The%20Real%20Project%20X%202025,2025-07-07
Beck 52 - The Invisible Man,2025,,https://www.rottentomatoes.com/search?search=Beck%2052%20-%20The%20Invisible%20Man%202025,2025-06-21
The Plastic Men,2025,,https://www.rottentomatoes.com/search?search=The%20Plastic%20Men%202025,2025-07-29
Et Tu,2025,,https://www.rottentomatoes.com/search?search=Et%20Tu%202025,2025-07-25
Tributo: Francisco Cuoco,2025,,https://www.rottentomatoes.com/search?search=Tributo%3A%20Francisco%20Cuoco%202025,2025-06-06
Restart,2025,,https://www.rottentomatoes.com/search?search=Restart%202025,2025-07-25
Eenie Meanie,2025,,https://www.rottentomatoes.com/search?search=Eenie%20Meanie%202025,2025-08-21
The Home,2025,,https://www.rottentomatoes.com/search?search=The%20Home%202025,2025-08-22
Die Kinderschwindlerin,2025,,https://www.rottentomatoes.com/search?search=Die%20Kinderschwindlerin%202025,2025-06-19
Sharks Up Close with Bertie Gregory,2025,,https://www.rottentomatoes.com/search?search=Sharks%20Up%20Close%20with%20Bertie%20Gregory%202025,2025-07-06
TNA Emergence 2025,2025,,https://www.rottentomatoes.com/search?search=TNA%20Emergence%202025%202025,2025-08-15
Marc Maron: Panicked,2025,,https://www.rottentomatoes.com/search?search=Marc%20Maron%3A%20Panicked%202025,2025-07-31
Reclaim the Flag,2025,,https://www.rottentomatoes.com/search?search=Reclaim%20the%20Flag%202025,2025-07-17
Ein ganz großes Ding,2025,,https://www.rottentomatoes.com/search?search=Ein%20ganz%20gro%C3%9Fes%20Ding%202025,2025-06-19
Donuts,2025,,https://www.rottentomatoes.com/search?search=Donuts%202025,2025-07-17
ROH Supercard of Honor 2025,2025,,https://www.rottentomatoes.com/search?search=ROH%20Supercard%20of%20Honor%202025%202025,2025-07-11
Miley Cyrus: Something Beautiful,2025,,https://www.rottentomatoes.com/search?search=Miley%20Cyrus%3A%20Something%20Beautiful%202025,2025-07-16
Semi-Soeter,2025,,https://www.rottentomatoes.com/search?search=Semi-Soeter%202025,2025-06-19
Fall for Me,2025,,https://www.rottentomatoes.com/search?search=Fall%20for%20Me%202025,2025-08-20
Undercover. Inside the Bunker,2025,,https://www.rottentomatoes.com/search?search=Undercover.%20Inside%20the%20Bunker%202025,2025-06-27
Martabat: Misi Berdarah,2025,,https://www.rottentomatoes.com/search?search=Martabat%3A%20Misi%20Berdarah%202025,2025-08-08
I Became the Main Role of a BL Drama 2,2025,,https://www.rottentomatoes.com/search?search=I%20Became%20the%20Main%20Role%20of%20a%20BL%20Drama%202%202025,2025-06-13
Hot Milk,2025,,https://www.rottentomatoes.com/search?search=Hot%20Milk%202025,2025-08-22
AEW All In: Texas - Zero Hour,2025,,https://www.rottentomatoes.com/search?search=AEW%20All%20In%3A%20Texas%20-%20Zero%20Hour%202025,2025-07-12
Luccas e Gi em: Amor de Mãe,2025,,https://www.rottentomatoes.com/search?search=Luccas%20e%20Gi%20em%3A%20Amor%20de%20M%C3%A3e%202025,2025-07-11
Dancing with the Devil: The Making of Sinners,2025,,https://www.rottentomatoes.com/search?search=Dancing%20with%20the%20Devil%3A%20The%20Making%20of%20Sinners%202025,2025-06-03
Renegade Immortal: Battle of Gods,2025,,https://www.rottentomatoes.com/search?search=Renegade%20Immortal%3A%20Battle%20of%20Gods%202025,2025-05-30
Sendai Girls SENJO The New Era,2025,,https://www.rottentomatoes.com/search?search=Sendai%20Girls%20SENJO%20The%20New%20Era%202025,2025-07-19
A Spartan Dream,2025,,https://www.rottentomatoes.com/search?search=A%20Spartan%20Dream%202025,2025-08-15
Risqué,2025,,https://www.rottentomatoes.com/search?search=Risqu%C3%A9%202025,2025-08-01
Bait,2025,,https://www.rottentomatoes.com/search?search=Bait%202025,2025-07-22
Planet Single: Greek Adventure,2025,,https://www.rottentomatoes.com/search?search=Planet%20Single%3A%20Greek%20Adventure%202025,2025-08-27
Auf der Walz – Drei Jahre und ein Tag,2025,,https://www.rottentomatoes.com/search?search=Auf%20der%20Walz%20%E2%80%93%20Drei%20Jahre%20und%20ein%20Tag%202025,2025-08-13
Margarita: The Musical,2025,,https://www.rottentomatoes.com/search?search=Margarita%3A%20The%20Musical%202025,2025-08-08
L: Langoy,2025,,https://www.rottentomatoes.com/search?search=L%3A%20Langoy%202025,2025-08-08
Relentless Fury,2025,,https://www.rottentomatoes.com/search?search=Relentless%20Fury%202025,2025-07-11
Miłość ma cztery łapy,2025,,https://www.rottentomatoes.com/search?search=Mi%C5%82o%C5%9B%C4%87%20ma%20cztery%20%C5%82apy%202025,2025-06-06
Utshob,2025,,https://www.rottentomatoes.com/search?search=Utshob%202025,2025-08-07
TKO,2025,,https://www.rottentomatoes.com/search?search=TKO%202025,2025-06-20
When We Went MAD!,2025,,https://www.rottentomatoes.com/search?search=When%20We%20Went%20MAD%21%202025,2025-06-24
Wake Up Dead Man: A Knives Out Mystery,2025,,https://www.rottentomatoes.com/search?search=Wake%20Up%20Dead%20Man%3A%20A%20Knives%20Out%20Mystery%202025,2025-12-11
Aztec Batman: Clash of Empires,2025,,https://www.rottentomatoes.com/search?search=Aztec%20Batman%3A%20Clash%20of%20Empires%202025,2025-09-18
The Lost Bus,2025,,https://www.rottentomatoes.com/search?search=The%20Lost%20Bus%202025,2025-10-02
Zarna Garg: Practical People Win,2025,,https://www.rottentomatoes.com/search?search=Zarna%20Garg%3A%20Practical%20People%20Win%202025,2025-07-18
Feste feiern,2025,,https://www.rottentomatoes.com/search?search=Feste%20feiern%202025,2025-06-19
Yang Tersisa Hanya Cinta,2025,,https://www.rottentomatoes.com/search?search=Yang%20Tersisa%20Hanya%20Cinta%202025,2025-07-11
I'm Not Supposed to Be Here,2025,,https://www.rottentomatoes.com/search?search=I%27m%20Not%20Supposed%20to%20Be%20Here%202025,2025-08-12
Hidden in the Kunlun,2025,,https://www.rottentomatoes.com/search?search=Hidden%20in%20the%20Kunlun%202025,2025-07-16
Swiped,2025,,https://www.rottentomatoes.com/search?search=Swiped%202025,2025-09-18
Ordures,2025,,https://www.rottentomatoes.com/search?search=Ordures%202025,2025-06-16
Жизнь по вызову. Фильм,2025,,https://www.rottentomatoes.com/search?search=%D0%96%D0%B8%D0%B7%D0%BD%D1%8C%20%D0%BF%D0%BE%20%D0%B2%D1%8B%D0%B7%D0%BE%D0%B2%D1%83.%20%D0%A4%D0%B8%D0%BB%D1%8C%D0%BC%202025,2025-08-23
Birthrite,2025,,https://www.rottentomatoes.com/search?search=Birthrite%202025,2025-08-08
War on Drug,2025,,https://www.rottentomatoes.com/search?search=War%20on%20Drug%202025,2025-06-10
No Tears in Hell,2025,,https://www.rottentomatoes.com/search?search=No%20Tears%20in%20Hell%202025,2025-08-12
Jeff Bridges: A Reluctant Star,2025,,https://www.rottentomatoes.com/search?search=Jeff%20Bridges%3A%20A%20Reluctant%20Star%202025,2025-07-13
Icarus,2025,,https://www.rottentomatoes.com/search?search=Icarus%202025,2025-06-13
The Academy,2025,,https://www.rottentomatoes.com/search?search=The%20Academy%202025,2025-07-09
Assassination: 1932,2025,,https://www.rottentomatoes.com/search?search=Assassination%3A%201932%202025,2025-08-12
Simple Plan: The Kids in the Crowd,2025,,https://www.rottentomatoes.com/search?search=Simple%20Plan%3A%20The%20Kids%20in%20the%20Crowd%202025,2025-07-07
Off the Grid,2025,,https://www.rottentomatoes.com/search?search=Off%20the%20Grid%202025,2025-06-26
The Four Bad Boys and Me,2025,,https://www.rottentomatoes.com/search?search=The%20Four%20Bad%20Boys%20and%20Me%202025,2025-07-31
North South,2025,,https://www.rottentomatoes.com/search?search=North%20South%202025,2025-06-26
Kontrabida Academy,2025,,https://www.rottentomatoes.com/search?search=Kontrabida%20Academy%202025,2025-09-11
Stardom Nighter 2025 in Korakuen Jul.,2025,,https://www.rottentomatoes.com/search?search=Stardom%20Nighter%202025%20in%20Korakuen%20Jul.%202025,2025-07-24
TNA Slammiversary 2025,2025,,https://www.rottentomatoes.com/search?search=TNA%20Slammiversary%202025%202025,2025-07-20
Grounded in Love,2025,,https://www.rottentomatoes.com/search?search=Grounded%20in%20Love%202025,2025-08-07
Andere Eltern - Die 1. Klasse,2025,,https://www.rottentomatoes.com/search?search=Andere%20Eltern%20-%20Die%201.%20Klasse%202025,2025-07-07
Gold Rush Gang,2025,,https://www.rottentomatoes.com/search?search=Gold%20Rush%20Gang%202025,2025-08-20
Abandoned Man,2025,,https://www.rottentomatoes.com/search?search=Abandoned%20Man%202025,2025-08-22
One Hit Wonder,2025,,https://www.rottentomatoes.com/search?search=One%20Hit%20Wonder%202025,2025-08-21
The Serial Killer's Apprentice,2025,,https://www.rottentomatoes.com/search?search=The%20Serial%20Killer%27s%20Apprentice%202025,2025-08-17
Khaki Fever,2025,,https://www.rottentomatoes.com/search?search=Khaki%20Fever%202025,2025-09-05
The Truth About Jussie Smollett?,2025,,https://www.rottentomatoes.com/search?search=The%20Truth%20About%20Jussie%20Smollett%3F%202025,2025-08-21
Nächte vor Hochzeiten,2025,,https://www.rottentomatoes.com/search?search=N%C3%A4chte%20vor%20Hochzeiten%202025,2025-08-07
Strange Stories of Five Lives River,2025,,https://www.rottentomatoes.com/search?search=Strange%20Stories%20of%20Five%20Lives%20River%202025,2025-08-07
For My Country,2025,,https://www.rottentomatoes.com/search?search=For%20My%20Country%202025,2025-08-01
The Polo Bear Chronicles: Operation Black Tie,2025,,https://www.rottentomatoes.com/search?search=The%20Polo%20Bear%20Chronicles%3A%20Operation%20Black%20Tie%202025,2025-08-14
Day of a Lion,2025,,https://www.rottentomatoes.com/search?search=Day%20of%20a%20Lion%202025,2025-08-15
Sa Gabing Mainit,2025,,https://www.rottentomatoes.com/search?search=Sa%20Gabing%20Mainit%202025,2025-08-29
Salakaar,2025,,https://www.rottentomatoes.com/search?search=Salakaar%202025,2025-08-15
Good News,2025,,https://www.rottentomatoes.com/search?search=Good%20News%202025,2025-10-16
McWalter,2025,,https://www.rottentomatoes.com/search?search=McWalter%202025,2025-09-12
Cztery Pory Roku,2025,,https://www.rottentomatoes.com/search?search=Cztery%20Pory%20Roku%202025,2025-08-18
The death of the Conducător (a Christmas film),2025,,https://www.rottentomatoes.com/search?search=The%20death%20of%20the%20Conduc%C4%83tor%20%28a%20Christmas%20film%29%202025,2025-08-12
Life Is,2025,,https://www.rottentomatoes.com/search?search=Life%20Is%202025,2025-08-05
"Yours, C Tour Documentary",2025,,https://www.rottentomatoes.com/search?search=Yours%2C%20C%20Tour%20Documentary%202025,2025-08-04
Songs of Paradise,2025,,https://www.rottentomatoes.com/search?search=Songs%20of%20Paradise%202025,2025-08-29
只是一陣一陣,2025,,https://www.rottentomatoes.com/search?search=%E5%8F%AA%E6%98%AF%E4%B8%80%E9%99%A3%E4%B8%80%E9%99%A3%202025,2025-07-28
Somnium,2025,,https://www.rottentomatoes.com/search?search=Somnium%202025,2025-09-08
RevPro Summer Sizzler 2025,2025,,https://www.rottentomatoes.com/search?search=RevPro%20Summer%20Sizzler%202025%202025,2025-07-25
La Grande Parade Festival Interceltique de Lorient 2025,2025,,https://www.rottentomatoes.com/search?search=La%20Grande%20Parade%20Festival%20Interceltique%20de%20Lorient%202025%202025,2025-08-03
NJPW G1 Climax 35: Day 9,2025,,https://www.rottentomatoes.com/search?search=NJPW%20G1%20Climax%2035%3A%20Day%209%202025,2025-08-01
What We Hide,2025,,https://www.rottentomatoes.com/search?search=What%20We%20Hide%202025,2025-08-29
NJPW G1 Climax 35: Day 8,2025,,https://www.rottentomatoes.com/search?search=NJPW%20G1%20Climax%2035%3A%20Day%208%202025,2025-07-30
NJPW G1 Climax 35: Day 18,2025,,https://www.rottentomatoes.com/search?search=NJPW%20G1%20Climax%2035%3A%20Day%2018%202025,2025-08-16
NJPW G1 Climax 35: Day 12,2025,,https://www.rottentomatoes.com/search?search=NJPW%20G1%20Climax%2035%3A%20Day%2012%202025,2025-08-05
NJPW G1 Climax 35: Day 5,2025,,https://www.rottentomatoes.com/search?search=NJPW%20G1%20Climax%2035%3A%20Day%205%202025,2025-07-25
NJPW G1 Climax 35: Day 7,2025,,https://www.rottentomatoes.com/search?search=NJPW%20G1%20Climax%2035%3A%20Day%207%202025,2025-07-27
Blood & Myth,2025,,https://www.rottentomatoes.com/search?search=Blood%20%26%20Myth%202025,2025-09-03
NJPW G1 Climax 35: Day 17,2025,,https://www.rottentomatoes.com/search?search=NJPW%20G1%20Climax%2035%3A%20Day%2017%202025,2025-08-14
Bulong Ng Laman,2025,,https://www.rottentomatoes.com/search?search=Bulong%20Ng%20Laman%202025,2025-09-02
ROH Death Before Dishonor 2025,2025,,https://www.rottentomatoes.com/search?search=ROH%20Death%20Before%20Dishonor%202025%202025,2025-08-29
Castration Movie Anthology ii. The Best of Both Worlds,2025,,https://www.rottentomatoes.com/search?search=Castration%20Movie%20Anthology%20ii.%20The%20Best%20of%20Both%20Worlds%202025,2025-09-04
NJPW G1 Climax 35: Day 10,2025,,https://www.rottentomatoes.com/search?search=NJPW%20G1%20Climax%2035%3A%20Day%2010%202025,2025-08-02
Bodyguard of Lies,2025,,https://www.rottentomatoes.com/search?search=Bodyguard%20of%20Lies%202025,2025-09-11
NJPW G1 Climax 35: Day 6,2025,,https://www.rottentomatoes.com/search?search=NJPW%20G1%20Climax%2035%3A%20Day%206%202025,2025-07-26
NJPW G1 Climax 35: Day 13,2025,,https://www.rottentomatoes.com/search?search=NJPW%20G1%20Climax%2035%3A%20Day%2013%202025,2025-08-07
NJPW G1 Climax 35: Day 16,2025,,https://www.rottentomatoes.com/search?search=NJPW%20G1%20Climax%2035%3A%20Day%2016%202025,2025-08-13
NJPW G1 Climax 35: Day 11,2025,,https://www.rottentomatoes.com/search?search=NJPW%20G1%20Climax%2035%3A%20Day%2011%202025,2025-08-03
Little Trouble Girls,2025,,https://www.rottentomatoes.com/search?search=Little%20Trouble%20Girls%202025,2025-10-13
NJPW G1 Climax 35: Day 14,2025,,https://www.rottentomatoes.com/search?search=NJPW%20G1%20Climax%2035%3A%20Day%2014%202025,2025-08-08
Hierarchy,2025,,https://www.rottentomatoes.com/search?search=Hierarchy%202025,2025-08-15
Dear Men,2025,,https://www.rottentomatoes.com/search?search=Dear%20Men%202025,2025-07-30
アンティゴネイタス,2025,,https://www.rottentomatoes.com/search?search=%E3%82%A2%E3%83%B3%E3%83%86%E3%82%A3%E3%82%B4%E3%83%8D%E3%82%A4%E3%82%BF%E3%82%B9%202025,2025-08-09
Unknown Number: The High School Catfish,2025,,https://www.rottentomatoes.com/search?search=Unknown%20Number%3A%20The%20High%20School%20Catfish%202025,2025-08-28
Bad Man,2025,,https://www.rottentomatoes.com/search?search=Bad%20Man%202025,2025-09-22
Same Day with Someone,2025,,https://www.rottentomatoes.com/search?search=Same%20Day%20with%20Someone%202025,2025-09-18
National Theatre Live: Retrograde,2025,,https://www.rottentomatoes.com/search?search=National%20Theatre%20Live%3A%20Retrograde%202025,2025-09-09
Sempre Rir,2025,,https://www.rottentomatoes.com/search?search=Sempre%20Rir%202025,2025-07-26
Iyanu: The Age of Wonders,2025,,https://www.rottentomatoes.com/search?search=Iyanu%3A%20The%20Age%20of%20Wonders%202025,2025-08-31
WWE Clash in Paris 2025,2025,,https://www.rottentomatoes.com/search?search=WWE%20Clash%20in%20Paris%202025%202025,2025-08-31
GCW Josh Barnett's Bloodsport XIV,2025,,https://www.rottentomatoes.com/search?search=GCW%20Josh%20Barnett%27s%20Bloodsport%20XIV%202025,2025-08-02
Lookout,2025,,https://www.rottentomatoes.com/search?search=Lookout%202025,2025-09-02
NJPW G1 Climax 35: Day 15,2025,,https://www.rottentomatoes.com/search?search=NJPW%20G1%20Climax%2035%3A%20Day%2015%202025,2025-08-10
Left-Handed Girl,2025,,https://www.rottentomatoes.com/search?search=Left-Handed%20Girl%202025,2025-11-27
Bully,2025,,https://www.rottentomatoes.com/search?search=Bully%202025,2025-08-22
Lilly Lives Alone,2025,,https://www.rottentomatoes.com/search?search=Lilly%20Lives%20Alone%202025,2025-08-22
Armstrong,2025,,https://www.rottentomatoes.com/search?search=Armstrong%202025,2025-08-07
Just Breathe,2025,,https://www.rottentomatoes.com/search?search=Just%20Breathe%202025,2025-09-16
Inspector Zende,2025,,https://www.rottentomatoes.com/search?search=Inspector%20Zende%202025,2025-09-04
Stranger's Pawn,2025,,https://www.rottentomatoes.com/search?search=Stranger%27s%20Pawn%202025,2025-08-01
She Said Maybe,2025,,https://www.rottentomatoes.com/search?search=She%20Said%20Maybe%202025,2025-09-18
The Final Run,2025,,https://www.rottentomatoes.com/search?search=The%20Final%20Run%202025,2025-08-15
Battle of the Wolf,2025,,https://www.rottentomatoes.com/search?search=Battle%20of%20the%20Wolf%202025,2025-08-21
"It's Never Over, Jeff Buckley",2025,,https://www.rottentomatoes.com/search?search=It%27s%20Never%20Over%2C%20Jeff%20Buckley%202025,2025-08-25
Fifty Fifty,2025,,https://www.rottentomatoes.com/search?search=Fifty%20Fifty%202025,2025-08-02
Die'ced: Reloaded,2025,,https://www.rottentomatoes.com/search?search=Die%27ced%3A%20Reloaded%202025,2025-08-11
What is Your Name?,2025,,https://www.rottentomatoes.com/search?search=What%20is%20Your%20Name%3F%202025,2025-08-07
Adulthood,2025,,https://www.rottentomatoes.com/search?search=Adulthood%202025,2025-09-22
L: Lakad,2025,,https://www.rottentomatoes.com/search?search=L%3A%20Lakad%202025,2025-09-05
The Curse of the Rabbit Deity,2025,,https://www.rottentomatoes.com/search?search=The%20Curse%20of%20the%20Rabbit%20Deity%202025,2025-08-11
Trauma,2025,,https://www.rottentomatoes.com/search?search=Trauma%202025,2025-09-10
Worker,2025,,https://www.rottentomatoes.com/search?search=Worker%202025,2025-09-16
Dear Viv,2025,,https://www.rottentomatoes.com/search?search=Dear%20Viv%202025,2025-08-28
Push,2025,,https://www.rottentomatoes.com/search?search=Push%202025,2025-07-11
Christopher - A Beautiful Real Life,2025,,https://www.rottentomatoes.com/search?search=Christopher%20-%20A%20Beautiful%20Real%20Life%202025,2025-08-26
Champions 24-25: The Inside Story,2025,,https://www.rottentomatoes.com/search?search=Champions%2024-25%3A%20The%20Inside%20Story%202025,2025-08-12
RevPro 13 Year Anniversary Show - Day 2,2025,,https://www.rottentomatoes.com/search?search=RevPro%2013%20Year%20Anniversary%20Show%20-%20Day%202%202025,2025-08-23
American Sweatshop,2025,,https://www.rottentomatoes.com/search?search=American%20Sweatshop%202025,2025-09-18
UFC Fight Night 257: Walker vs. Zhang,2025,,https://www.rottentomatoes.com/search?search=UFC%20Fight%20Night%20257%3A%20Walker%20vs.%20Zhang%202025,2025-08-23
Electric Child,2025,,https://www.rottentomatoes.com/search?search=Electric%20Child%202025,2025-08-15
The Man in My Basement,2025,,https://www.rottentomatoes.com/search?search=The%20Man%20in%20My%20Basement%202025,2025-09-26
Finding Nina,2025,,https://www.rottentomatoes.com/search?search=Finding%20Nina%202025,2025-08-08
Big Phone,2025,,https://www.rottentomatoes.com/search?search=Big%20Phone%202025,2025-08-16
Halfway to Amarillo,2025,,https://www.rottentomatoes.com/search?search=Halfway%20to%20Amarillo%202025,2025-08-01
For I Have Sinned,2025,,https://www.rottentomatoes.com/search?search=For%20I%20Have%20Sinned%202025,2025-08-11
Romancing Sydney,2025,,https://www.rottentomatoes.com/search?search=Romancing%20Sydney%202025,2025-07-25
Chess Ham,2025,,https://www.rottentomatoes.com/search?search=Chess%20Ham%202025,2025-08-08
The Wrong Paris,2025,,https://www.rottentomatoes.com/search?search=The%20Wrong%20Paris%202025,2025-09-11
Jimmy Rollins: My Way,2025,,https://www.rottentomatoes.com/search?search=Jimmy%20Rollins%3A%20My%20Way%202025,2025-08-03
Pasilip Ni Azi,2025,,https://www.rottentomatoes.com/search?search=Pasilip%20Ni%20Azi%202025,2025-08-26
Sebelum Senja Berakhir,2025,,https://www.rottentomatoes.com/search?search=Sebelum%20Senja%20Berakhir%202025,2025-08-08
We Trapped 20 YouTubers in a Haunted City,2025,,https://www.rottentomatoes.com/search?search=We%20Trapped%2020%20YouTubers%20in%20a%20Haunted%20City%202025,2025-08-10
AAA Triplemanía XXXIII,2025,,https://www.rottentomatoes.com/search?search=AAA%20Tripleman%C3%ADa%20XXXIII%202025,2025-08-16
The Klimperclown,2025,,https://www.rottentomatoes.com/search?search=The%20Klimperclown%202025,2025-08-19
Plum Blossom in March,2025,,https://www.rottentomatoes.com/search?search=Plum%20Blossom%20in%20March%202025,2025-08-01
Conversation avec Anne Fontaine,2025,,https://www.rottentomatoes.com/search?search=Conversation%20avec%20Anne%20Fontaine%202025,2025-08-01
We Strangers,2025,,https://www.rottentomatoes.com/search?search=We%20Strangers%202025,2025-09-09
Queen of Manhattan,2025,,https://www.rottentomatoes.com/search?search=Queen%20of%20Manhattan%202025,2025-10-14
An American Werewolf in July,2025,,https://www.rottentomatoes.com/search?search=An%20American%20Werewolf%20in%20July%202025,2025-08-29
UFC on ESPN 71: Taira vs. Park,2025,,https://www.rottentomatoes.com/search?search=UFC%20on%20ESPN%2071%3A%20Taira%20vs.%20Park%202025,2025-08-02
Love Untangled,2025,,https://www.rottentomatoes.com/search?search=Love%20Untangled%202025,2025-08-29
Ralph Barbosa: Planet Bosa,2025,,https://www.rottentomatoes.com/search?search=Ralph%20Barbosa%3A%20Planet%20Bosa%202025,2025-08-07
Sabu,2025,,https://www.rottentomatoes.com/search?search=Sabu%202025,2025-09-15
UFC on ESPN 72: Dolidze vs. Hernandez,2025,,https://www.rottentomatoes.com/search?search=UFC%20on%20ESPN%2072%3A%20Dolidze%20vs.%20Hernandez%202025,2025-08-09
Sleep Stalker,2025,,https://www.rottentomatoes.com/search?search=Sleep%20Stalker%202025,2025-08-05
Buried Alive,2025,,https://www.rottentomatoes.com/search?search=Buried%20Alive%202025,2025-08-19
Days of August,2025,,https://www.rottentomatoes.com/search?search=Days%20of%20August%202025,2025-08-22
The Ultimate Vendetta,2025,,https://www.rottentomatoes.com/search?search=The%20Ultimate%20Vendetta%202025,2025-08-01
Death Name,2025,,https://www.rottentomatoes.com/search?search=Death%20Name%202025,2025-07-31
Illusions,2025,,https://www.rottentomatoes.com/search?search=Illusions%202025,2025-08-15
Yellowstone: King of Montana,2025,,https://www.rottentomatoes.com/search?search=Yellowstone%3A%20King%20of%20Montana%202025,2025-08-12
Killstreak,2025,,https://www.rottentomatoes.com/search?search=Killstreak%202025,2025-08-05
UFC on ABC 9: Whittaker vs. de Ridder,2025,,https://www.rottentomatoes.com/search?search=UFC%20on%20ABC%209%3A%20Whittaker%20vs.%20de%20Ridder%202025,2025-07-26
Third Wheel,2025,,https://www.rottentomatoes.com/search?search=Third%20Wheel%202025,2025-09-09
Malena sings the tango...,2025,,https://www.rottentomatoes.com/search?search=Malena%20sings%20the%20tango...%202025,2025-07-28
Frank and Three,2025,,https://www.rottentomatoes.com/search?search=Frank%20and%20Three%202025,2025-07-29
The Workout,2025,,https://www.rottentomatoes.com/search?search=The%20Workout%202025,2025-10-28
Star People,2025,,https://www.rottentomatoes.com/search?search=Star%20People%202025,2025-08-12
1978 Live! The First Annual 'Gonstas',2025,,https://www.rottentomatoes.com/search?search=1978%20Live%21%20The%20First%20Annual%20%27Gonstas%27%202025,2025-07-25
A little reality... a lot of imagination,2025,,https://www.rottentomatoes.com/search?search=A%20little%20reality...%20a%20lot%20of%20imagination%202025,2025-07-25
Eth Nerathaanavo,2025,,https://www.rottentomatoes.com/search?search=Eth%20Nerathaanavo%202025,2025-08-08
Maelström,2025,,https://www.rottentomatoes.com/search?search=Maelstr%C3%B6m%202025,2025-08-02
The Hunt For Shannon Matthews,2025,,https://www.rottentomatoes.com/search?search=The%20Hunt%20For%20Shannon%20Matthews%202025,2025-08-17
Wes and Kyra,2025,,https://www.rottentomatoes.com/search?search=Wes%20and%20Kyra%202025,2025-09-20
Vacation Time,2025,,https://www.rottentomatoes.com/search?search=Vacation%20Time%202025,2025-09-12
The Nature of Us,2025,,https://www.rottentomatoes.com/search?search=The%20Nature%20of%20Us%202025,2025-08-01
Haan Main Pagal Haan,2025,,https://www.rottentomatoes.com/search?search=Haan%20Main%20Pagal%20Haan%202025,2025-07-25
Detective Kibbles: Part 2 | Remastered,2025,,https://www.rottentomatoes.com/search?search=Detective%20Kibbles%3A%20Part%202%20%7C%20Remastered%202025,2025-08-04
The Scars of Our Hands,2025,,https://www.rottentomatoes.com/search?search=The%20Scars%20of%20Our%20Hands%202025,2025-08-08
Dream,2025,,https://www.rottentomatoes.com/search?search=Dream%202025,2025-08-13
Don Pollo: King of Ohio,2025,,https://www.rottentomatoes.com/search?search=Don%20Pollo%3A%20King%20of%20Ohio%202025,2025-09-10
Dirty Boy,2025,,https://www.rottentomatoes.com/search?search=Dirty%20Boy%202025,2025-10-15
Twin Towers: Legacy,2025,,https://www.rottentomatoes.com/search?search=Twin%20Towers%3A%20Legacy%202025,2025-09-01
We're Not Safe Here,2025,,https://www.rottentomatoes.com/search?search=We%27re%20Not%20Safe%20Here%202025,2025-08-22
昆仑传,2025,,https://www.rottentomatoes.com/search?search=%E6%98%86%E4%BB%91%E4%BC%A0%202025,2025-08-05
Traveler,2025,,https://www.rottentomatoes.com/search?search=Traveler%202025,2025-08-09
Closure Mandate,2025,,https://www.rottentomatoes.com/search?search=Closure%20Mandate%202025,2025-08-01
Rent a Room,2025,,https://www.rottentomatoes.com/search?search=Rent%20a%20Room%202025,2025-07-25
UFC Fight Night 259: Lopes vs. Silva,2025,,https://www.rottentomatoes.com/search?search=UFC%20Fight%20Night%20259%3A%20Lopes%20vs.%20Silva%202025,2025-09-13
Song From A House,2025,,https://www.rottentomatoes.com/search?search=Song%20From%20A%20House%202025,2025-08-11
Momo deal,2025,,https://www.rottentomatoes.com/search?search=Momo%20deal%202025,2025-09-08
Ali Reincarnated: Michel Rivera,2025,,https://www.rottentomatoes.com/search?search=Ali%20Reincarnated%3A%20Michel%20Rivera%202025,2025-08-02
O Papa que Venceu o Comunismo,2025,,https://www.rottentomatoes.com/search?search=O%20Papa%20que%20Venceu%20o%20Comunismo%202025,2025-08-14
Loli + Momi,2025,,https://www.rottentomatoes.com/search?search=Loli%20%2B%20Momi%202025,2025-07-25
No Country For Old People; a Nursing Home Exposé,2025,,https://www.rottentomatoes.com/search?search=No%20Country%20For%20Old%20People%3B%20a%20Nursing%20Home%20Expos%C3%A9%202025,2025-08-01
Leçon de cinéma avec Wim Wenders,2025,,https://www.rottentomatoes.com/search?search=Le%C3%A7on%20de%20cin%C3%A9ma%20avec%20Wim%20Wenders%202025,2025-08-01
Dead Box,2025,,https://www.rottentomatoes.com/search?search=Dead%20Box%202025,2025-08-28
Tim Burton : Un monstre de cinéma,2025,,https://www.rottentomatoes.com/search?search=Tim%20Burton%20%3A%20Un%20monstre%20de%20cin%C3%A9ma%202025,2025-08-10
Will We Dance Tomorrow?,2025,,https://www.rottentomatoes.com/search?search=Will%20We%20Dance%20Tomorrow%3F%202025,2025-08-22
Plinko and Mark,2025,,https://www.rottentomatoes.com/search?search=Plinko%20and%20Mark%202025,2025-07-31
Stalkers,2025,,https://www.rottentomatoes.com/search?search=Stalkers%202025,2025-08-11
Wim Wenders: Der ewig Suchende,2025,,https://www.rottentomatoes.com/search?search=Wim%20Wenders%3A%20Der%20ewig%20Suchende%202025,2025-08-11
Have A Word: The Big Fat Family For-Get The Lyrics Quiz of the Naughty(s) and 90s (with Buzzcocks),2025,,https://www.rottentomatoes.com/search?search=Have%20A%20Word%3A%20The%20Big%20Fat%20Family%20For-Get%20The%20Lyrics%20Quiz%20of%20the%20Naughty%28s%29%20and%2090s%20%28with%20Buzzcocks%29%202025,2025-08-22
Plateau,2025,,https://www.rottentomatoes.com/search?search=Plateau%202025,2025-08-29
Kontrabida,2025,,https://www.rottentomatoes.com/search?search=Kontrabida%202025,2025-08-19
Fragment of a Lover’s Discourse,2025,,https://www.rottentomatoes.com/search?search=Fragment%20of%20a%20Lover%E2%80%99s%20Discourse%202025,2025-08-22
Folk Soul Ferryman,2025,,https://www.rottentomatoes.com/search?search=Folk%20Soul%20Ferryman%202025,2025-08-21
Wolfgang Niedecken’s BAP: W:O:A 2025,2025,,https://www.rottentomatoes.com/search?search=Wolfgang%20Niedecken%E2%80%99s%20BAP%3A%20W%3AO%3AA%202025%202025,2025-07-31
Post Obitum,2025,,https://www.rottentomatoes.com/search?search=Post%20Obitum%202025,2025-09-05
PMMP keikalla: Ei enää ikinä,2025,,https://www.rottentomatoes.com/search?search=PMMP%20keikalla%3A%20Ei%20en%C3%A4%C3%A4%20ikin%C3%A4%202025,2025-09-06
Per Anhalter zur Ostsee,2025,,https://www.rottentomatoes.com/search?search=Per%20Anhalter%20zur%20Ostsee%202025,2025-08-20
Mission: Impossible - The Final Reckoning: Deleted Footage Montage,2025,,https://www.rottentomatoes.com/search?search=Mission%3A%20Impossible%20-%20The%20Final%20Reckoning%3A%20Deleted%20Footage%20Montage%202025,2025-08-19
HELLO JOSEPH,2025,,https://www.rottentomatoes.com/search?search=HELLO%20JOSEPH%202025,2025-08-09
Low-Resolution Digital Cockroaches from Hell,2025,,https://www.rottentomatoes.com/search?search=Low-Resolution%20Digital%20Cockroaches%20from%20Hell%202025,2025-08-11
Crazy Horse Paris,2025,,https://www.rottentomatoes.com/search?search=Crazy%20Horse%20Paris%202025,2025-07-27
Hitler's invasion of the Soviet Union: Operation Barbarossa | DW Documentary,2025,,https://www.rottentomatoes.com/search?search=Hitler%27s%20invasion%20of%20the%20Soviet%20Union%3A%20Operation%20Barbarossa%20%7C%20DW%20Documentary%202025,2025-07-25
Dogs on the Sendero,2025,,https://www.rottentomatoes.com/search?search=Dogs%20on%20the%20Sendero%202025,2025-08-05
Roadrunners,2025,,https://www.rottentomatoes.com/search?search=Roadrunners%202025,2025-08-30
"From ""In the Mix"" to ""In the Playoffs""",2025,,https://www.rottentomatoes.com/search?search=From%20%22In%20the%20Mix%22%20to%20%22In%20the%20Playoffs%22%202025,2025-08-06
Have A Word: The 24 Special,2025,,https://www.rottentomatoes.com/search?search=Have%20A%20Word%3A%20The%2024%20Special%202025,2025-07-25
Dinosaur Farm B&W,2025,,https://www.rottentomatoes.com/search?search=Dinosaur%20Farm%20B%26W%202025,2025-08-12
Don't Open The Door During Dinner,2025,,https://www.rottentomatoes.com/search?search=Don%27t%20Open%20The%20Door%20During%20Dinner%202025,2025-10-01
Office Worker,2025,,https://www.rottentomatoes.com/search?search=Office%20Worker%202025,2025-07-29
Quebrado,2025,,https://www.rottentomatoes.com/search?search=Quebrado%202025,2025-09-10
Frayed,2025,,https://www.rottentomatoes.com/search?search=Frayed%202025,2025-09-01
Chiaroscuro,2025,,https://www.rottentomatoes.com/search?search=Chiaroscuro%202025,2025-08-30
Ranganaayaki,2025,,https://www.rottentomatoes.com/search?search=Ranganaayaki%202025,2025-08-01
Caramel,2025,,https://www.rottentomatoes.com/search?search=Caramel%202025,2025-08-15
Reset,2025,,https://www.rottentomatoes.com/search?search=Reset%202025,2025-08-12
Feeder,2025,,https://www.rottentomatoes.com/search?search=Feeder%202025,2025-07-29
Tongue,2025,,https://www.rottentomatoes.com/search?search=Tongue%202025,2025-07-27
The Reunion,2025,,https://www.rottentomatoes.com/search?search=The%20Reunion%202025,2025-08-18
Morph,2025,,https://www.rottentomatoes.com/search?search=Morph%202025,2025-08-05
The Madness of David Judge,2025,,https://www.rottentomatoes.com/search?search=The%20Madness%20of%20David%20Judge%202025,2025-08-01
"ESPECTACULAR, EL CORTOMETRAJE",2025,,https://www.rottentomatoes.com/search?search=ESPECTACULAR%2C%20EL%20CORTOMETRAJE%202025,2025-07-26
La Velada del Año V - The Movie,2025,,https://www.rottentomatoes.com/search?search=La%20Velada%20del%20A%C3%B1o%20V%20-%20The%20Movie%202025,2025-08-02
Nicolás de Jesús' Now You See Me...,2025,,https://www.rottentomatoes.com/search?search=Nicol%C3%A1s%20de%20Jes%C3%BAs%27%20Now%20You%20See%20Me...%202025,2025-09-09
Existential Risk,2025,,https://www.rottentomatoes.com/search?search=Existential%20Risk%202025,2025-09-15
Falling from Grace,2025,,https://www.rottentomatoes.com/search?search=Falling%20from%20Grace%202025,2025-07-27
Prime Time: Chris Colbert,2025,,https://www.rottentomatoes.com/search?search=Prime%20Time%3A%20Chris%20Colbert%202025,2025-08-02
SARIT & SIRA BROTHERS,2025,,https://www.rottentomatoes.com/search?search=SARIT%20%26%20SIRA%20BROTHERS%202025,2025-08-12
Unsaved,2025,,https://www.rottentomatoes.com/search?search=Unsaved%202025,2025-08-15
Heat,2025,,https://www.rottentomatoes.com/search?search=Heat%202025,2025-08-01
Rennie,2025,,https://www.rottentomatoes.com/search?search=Rennie%202025,2025-08-12
The Black Building,2025,,https://www.rottentomatoes.com/search?search=The%20Black%20Building%202025,2025-07-30
How Did I Get Here,2025,,https://www.rottentomatoes.com/search?search=How%20Did%20I%20Get%20Here%202025,2025-08-20
The Quiet Ones,2025,,https://www.rottentomatoes.com/search?search=The%20Quiet%20Ones%202025,2025-08-05
Going Pop,2025,,https://www.rottentomatoes.com/search?search=Going%20Pop%202025,2025-08-13
Birds in Maine,2025,,https://www.rottentomatoes.com/search?search=Birds%20in%20Maine%202025,2025-08-12
危情风云,2025,,https://www.rottentomatoes.com/search?search=%E5%8D%B1%E6%83%85%E9%A3%8E%E4%BA%91%202025,2025-08-20
Modern Folklore,2025,,https://www.rottentomatoes.com/search?search=Modern%20Folklore%202025,2025-08-12
NJPW G1 Climax 35: Day 19 (Final),2025,,https://www.rottentomatoes.com/search?search=NJPW%20G1%20Climax%2035%3A%20Day%2019%20%28Final%29%202025,2025-08-17
Experiments#1 - Metamorphosis,2025,,https://www.rottentomatoes.com/search?search=Experiments%231%20-%20Metamorphosis%202025,2025-08-06
KULPIYAM: The Xavier Savage Story,2025,,https://www.rottentomatoes.com/search?search=KULPIYAM%3A%20The%20Xavier%20Savage%20Story%202025,2025-08-06
Mission: Impossible - The Final Reckoning,2025,,https://www.rottentomatoes.com/search?search=Mission%3A%20Impossible%20-%20The%20Final%20Reckoning%202025,2025-08-18
Legends of the Condor Heroes: The Gallants,2025,,https://www.rottentomatoes.com/search?search=Legends%20of%20the%20Condor%20Heroes%3A%20The%20Gallants%202025,2025-07-01
Lilo & Stitch,2025,,https://www.rottentomatoes.com/search?search=Lilo%20%26%20Stitch%202025,2025-07-21
Ne Zha 2,2025,,https://www.rottentomatoes.com/search?search=Ne%20Zha%202%202025,2025-08-02
Karate Kid: Legends,2025,,https://www.rottentomatoes.com/search?search=Karate%20Kid%3A%20Legends%202025,2025-07-07
Final Destination Bloodlines,2025,,https://www.rottentomatoes.com/search?search=Final%20Destination%20Bloodlines%202025,2025-06-16
Thunderbolts*,2025,,https://www.rottentomatoes.com/search?search=Thunderbolts%2A%202025,2025-06-30
Spermageddon,2025,,https://www.rottentomatoes.com/search?search=Spermageddon%202025,2025-06-02
Bonjour Tristesse,2025,,https://www.rottentomatoes.com/search?search=Bonjour%20Tristesse%202025,2025-06-13
Guns Up,2025,,https://www.rottentomatoes.com/search?search=Guns%20Up%202025,2025-07-18
The Accountant²,2025,,https://www.rottentomatoes.com/search?search=The%20Accountant%C2%B2%202025,2025-06-04
Kaiju No. 8: Mission Recon,2025,,https://www.rottentomatoes.com/search?search=Kaiju%20No.%208%3A%20Mission%20Recon%202025,2025-07-13
The Amateur,2025,,https://www.rottentomatoes.com/search?search=The%20Amateur%202025,2025-06-09
Clown in a Cornfield,2025,,https://www.rottentomatoes.com/search?search=Clown%20in%20a%20Cornfield%202025,2025-06-10
Sinners,2025,,https://www.rottentomatoes.com/search?search=Sinners%202025,2025-06-01
The Siege at Thorn High,2025,,https://www.rottentomatoes.com/search?search=The%20Siege%20at%20Thorn%20High%202025,2025-08-14
Norma: Antara Mertua dan Menantu,2025,,https://www.rottentomatoes.com/search?search=Norma%3A%20Antara%20Mertua%20dan%20Menantu%202025,2025-08-14
Muromachi Burai,2025,,https://www.rottentomatoes.com/search?search=Muromachi%20Burai%202025,2025-06-25
Kayara,2025,,https://www.rottentomatoes.com/search?search=Kayara%202025,2025-05-30
Game On,2024,,https://www.rottentomatoes.com/search?search=Game%20On%202024,2025-07-03
Mikaela,2025,,https://www.rottentomatoes.com/search?search=Mikaela%202025,2025-06-06
Shadow Force,2025,,https://www.rottentomatoes.com/search?search=Shadow%20Force%202025,2025-05-29
given the Movie: To the Sea,2024,,https://www.rottentomatoes.com/search?search=given%20the%20Movie%3A%20To%20the%20Sea%202024,2025-06-26
The Cellar,2024,,https://www.rottentomatoes.com/search?search=The%20Cellar%202024,2025-06-19
The Owner,2023,,https://www.rottentomatoes.com/search?search=The%20Owner%202023,2025-07-04
Mononoke the Movie: Chapter II - The Ashes of Rage,2025,,https://www.rottentomatoes.com/search?search=Mononoke%20the%20Movie%3A%20Chapter%20II%20-%20The%20Ashes%20of%20Rage%202025,2025-08-13
The Firebird,2025,,https://www.rottentomatoes.com/search?search=The%20Firebird%202025,2025-08-22
King Ivory,2025,,https://www.rottentomatoes.com/search?search=King%20Ivory%202025,2025-08-04
Love Is Overrated,2025,,https://www.rottentomatoes.com/search?search=Love%20Is%20Overrated%202025,2025-08-21
Sugar Mill,2025,,https://www.rottentomatoes.com/search?search=Sugar%20Mill%202025,2025-08-07
The Little Hotel Detective,2025,,https://www.rottentomatoes.com/search?search=The%20Little%20Hotel%20Detective%202025,2025-06-25
Blood Brothers: Bara Naga,2025,,https://www.rottentomatoes.com/search?search=Blood%20Brothers%3A%20Bara%20Naga%202025,2025-08-10
永不失联的爱,2025,,https://www.rottentomatoes.com/search?search=%E6%B0%B8%E4%B8%8D%E5%A4%B1%E8%81%94%E7%9A%84%E7%88%B1%202025,2025-08-14
In Vitro,2025,,https://www.rottentomatoes.com/search?search=In%20Vitro%202025,2025-06-27
Untold,2025,,https://www.rottentomatoes.com/search?search=Untold%202025,2025-07-31
Milk Teeth,2024,,https://www.rottentomatoes.com/search?search=Milk%20Teeth%202024,2025-07-30
Legends From The Past,2025,,https://www.rottentomatoes.com/search?search=Legends%20From%20The%20Past%202025,2025-06-14
Night Shift,2024,,https://www.rottentomatoes.com/search?search=Night%20Shift%202024,2025-06-23
Meat,2024,,https://www.rottentomatoes.com/search?search=Meat%202024,2025-07-17
Faster,2025,,https://www.rottentomatoes.com/search?search=Faster%202025,2025-08-27
B.O.F DEBUT SHOWCASE,2025,,https://www.rottentomatoes.com/search?search=B.O.F%20DEBUT%20SHOWCASE%202025,2025-06-27
Real Life,2025,,https://www.rottentomatoes.com/search?search=Real%20Life%202025,2025-07-07
Salli,2024,,https://www.rottentomatoes.com/search?search=Salli%202024,2025-08-08
Young Hearts,2024,,https://www.rottentomatoes.com/search?search=Young%20Hearts%202024,2025-08-01
Songs from the Hole,2024,,https://www.rottentomatoes.com/search?search=Songs%20from%20the%20Hole%202024,2025-08-12
Tourist Family,2025,,https://www.rottentomatoes.com/search?search=Tourist%20Family%202025,2025-06-02
Toxic,2025,,https://www.rottentomatoes.com/search?search=Toxic%202025,2025-07-25
Celestina: Burlesk Dancer,2024,,https://www.rottentomatoes.com/search?search=Celestina%3A%20Burlesk%20Dancer%202024,2025-05-30
Lovesick,2025,,https://www.rottentomatoes.com/search?search=Lovesick%202025,2025-08-31
Seeking Haven for Mr. Rambo,2025,,https://www.rottentomatoes.com/search?search=Seeking%20Haven%20for%20Mr.%20Rambo%202025,2025-08-07
Holy Night: Demon Hunters,2025,,https://www.rottentomatoes.com/search?search=Holy%20Night%3A%20Demon%20Hunters%202025,2025-05-29
Párvulos: Children of the Apocalypse,2024,,https://www.rottentomatoes.com/search?search=P%C3%A1rvulos%3A%20Children%20of%20the%20Apocalypse%202024,2025-06-03
Thalaivan Thalaivii,2025,,https://www.rottentomatoes.com/search?search=Thalaivan%20Thalaivii%202025,2025-08-22
Halabala,2025,,https://www.rottentomatoes.com/search?search=Halabala%202025,2025-08-11
Tim Travers and the Time Traveler's Paradox,2025,,https://www.rottentomatoes.com/search?search=Tim%20Travers%20and%20the%20Time%20Traveler%27s%20Paradox%202025,2025-06-16
June & John,2025,,https://www.rottentomatoes.com/search?search=June%20%26%20John%202025,2025-06-06
The Stone,2025,,https://www.rottentomatoes.com/search?search=The%20Stone%202025,2025-08-01
Roots,2024,,https://www.rottentomatoes.com/search?search=Roots%202024,2025-08-20
Rascal Does Not Dream of a Knapsack Kid,2023,,https://www.rottentomatoes.com/search?search=Rascal%20Does%20Not%20Dream%20of%20a%20Knapsack%20Kid%202023,2025-08-02
A Gilded Game,2025,,https://www.rottentomatoes.com/search?search=A%20Gilded%20Game%202025,2025-06-20
Shinsei Galverse,2025,,https://www.rottentomatoes.com/search?search=Shinsei%20Galverse%202025,2025-06-25
Nancy Rani,2025,,https://www.rottentomatoes.com/search?search=Nancy%20Rani%202025,2025-06-18
Elisabeth: The Musical Live,2024,,https://www.rottentomatoes.com/search?search=Elisabeth%3A%20The%20Musical%20Live%202024,2025-08-06
Jaat,2025,,https://www.rottentomatoes.com/search?search=Jaat%202025,2025-06-05
Ambulance,2025,,https://www.rottentomatoes.com/search?search=Ambulance%202025,2025-08-22
NJPW New Japan Soul 2025 - Day 8,2025,,https://www.rottentomatoes.com/search?search=NJPW%20New%20Japan%20Soul%202025%20-%20Day%208%202025,2025-07-04
Three Heroes. Daily Tales 2,2025,,https://www.rottentomatoes.com/search?search=Three%20Heroes.%20Daily%20Tales%202%202025,2025-08-22
铁血金盾,2025,,https://www.rottentomatoes.com/search?search=%E9%93%81%E8%A1%80%E9%87%91%E7%9B%BE%202025,2025-07-19
白云斋怪话,2025,,https://www.rottentomatoes.com/search?search=%E7%99%BD%E4%BA%91%E6%96%8B%E6%80%AA%E8%AF%9D%202025,2025-07-10
The Drowned,2023,,https://www.rottentomatoes.com/search?search=The%20Drowned%202023,2025-10-06
TJPW Summer Sun Princess '25,2025,,https://www.rottentomatoes.com/search?search=TJPW%20Summer%20Sun%20Princess%20%2725%202025,2025-07-21
Sugar Sugar Rune Les deux sorcières,2025,,https://www.rottentomatoes.com/search?search=Sugar%20Sugar%20Rune%20Les%20deux%20sorci%C3%A8res%202025,2025-07-04
